epoch,accuracy,learning_rate,loss,top3_acc,val_accuracy,val_loss,val_top3_acc
0,0.08666666597127914,0.0010000000474974513,3.5444018840789795,0.21103447675704956,0.03649425134062767,3.94075083732605,0.12614943087100983
1,0.22218391299247742,0.0010000000474974513,2.7166502475738525,0.4621264338493347,0.2224137932062149,2.5139076709747314,0.4704023003578186
2,0.37729886174201965,0.0010000000474974513,2.082773447036743,0.6816666722297668,0.3724137842655182,2.037818193435669,0.6580459475517273
3,0.5137931108474731,0.0010000000474974513,1.6271816492080688,0.8024712800979614,0.43793103098869324,1.814268708229065,0.7548850774765015
4,0.6325287222862244,0.0010000000474974513,1.2681872844696045,0.8854597806930542,0.6862068772315979,1.0874816179275513,0.9109195470809937
5,0.717528760433197,0.0010000000474974513,1.009250521659851,0.9312068819999695,0.8445402383804321,0.6552396416664124,0.9795976877212524
6,0.7879310250282288,0.0010000000474974513,0.8158133625984192,0.9563792943954468,0.8439655303955078,0.6002433896064758,0.9784482717514038
7,0.8316666483879089,0.0010000000474974513,0.7004722356796265,0.9671264290809631,0.9402298927307129,0.3920595347881317,0.995976984500885
8,0.8683333396911621,0.0010000000474974513,0.6060259342193604,0.9784482717514038,0.9336206912994385,0.3992000222206116,0.9936781525611877
9,0.8899425268173218,0.0010000000474974513,0.5405504107475281,0.9831034541130066,0.9284482598304749,0.3958524167537689,0.9956896305084229
10,0.9076436758041382,0.0010000000474974513,0.49602189660072327,0.9866666793823242,0.9698275923728943,0.3003288507461548,0.9988505840301514
11,0.9164367914199829,0.0010000000474974513,0.4648188650608063,0.9883333444595337,0.9750000238418579,0.2923177480697632,0.9991379380226135
12,0.9282758831977844,0.0010000000474974513,0.4339067339897156,0.9913793206214905,0.9804597496986389,0.2723187804222107,0.9994252920150757
13,0.9324138164520264,0.0010000000474974513,0.4208278954029083,0.9919540286064148,0.9767241477966309,0.28660595417022705,0.9979885220527649
14,0.9383333325386047,0.0010000000474974513,0.40743061900138855,0.9926436543464661,0.9839080572128296,0.2649399936199188,0.998275876045227
15,0.9417815804481506,0.0010000000474974513,0.3918522000312805,0.9930459856987,0.9600574970245361,0.3320859372615814,0.9962643384933472
16,0.9487356543540955,0.0010000000474974513,0.37271055579185486,0.9944252967834473,0.9790229797363281,0.2718856930732727,0.9994252920150757
17,0.9493103623390198,0.0010000000474974513,0.36682286858558655,0.9945976734161377,0.9893678426742554,0.25079667568206787,0.9994252920150757
18,0.9545977115631104,0.0010000000474974513,0.3548051714897156,0.9952298998832703,0.9870689511299133,0.25032347440719604,1.0
19,0.9569540023803711,0.0010000000474974513,0.34160947799682617,0.9962643384933472,0.9913793206214905,0.2412196695804596,1.0
20,0.9583333134651184,0.0010000000474974513,0.337430477142334,0.9963793158531189,0.9876436591148376,0.2460741400718689,0.9997126460075378
21,0.9596551656723022,0.0010000000474974513,0.33789536356925964,0.9951149225234985,0.9916666746139526,0.24165411293506622,0.9994252920150757
22,0.961091935634613,0.0010000000474974513,0.33167707920074463,0.9962643384933472,0.9850574731826782,0.25512105226516724,1.0
23,0.9731609225273132,0.0005000000237487257,0.2883962094783783,0.9981608986854553,0.9951149225234985,0.21798723936080933,1.0
24,0.9786781668663025,0.0005000000237487257,0.26463934779167175,0.998390793800354,0.9945402145385742,0.21162153780460358,0.9997126460075378
